{"cameraMode":{"drawMode":0,"name":"Shaded","section":"Shading Mode"},"sceneLighting":false,"audioPlay":false,"sceneViewState":{"m_AlwaysRefresh":false,"showFog":true,"showSkybox":true,"showFlares":true,"showImageEffects":true,"showParticleSystems":true,"showVisualEffectGraphs":true,"m_FxEnabled":true},"in2DMode":false,"pivot":{"x":0.7073116302490234,"y":1.7748420238494874,"z":1.6957777738571168},"rotation":{"x":0.08232709020376206,"y":-0.8203277587890625,"z":0.12221728265285492,"w":0.5525830388069153},"size":4.412814617156982,"orthographic":false}